<?xml version="1.0" encoding="UTF-8" ?>
<!DOCTYPE mapper
  PUBLIC "-//mybatis.org//DTD Mapper 3.0//EN"
  "https://mybatis.org/dtd/mybatis-3-mapper.dtd">
  <!-- window - preferences - maven - download artifact javadoc -->
  <mapper namespace="com.example.mvcExam.IMvcMapper">
  
  	<insert id="registProc">
  		INSERT INTO member VALUES(
  		#{id}, #{pw}, #{userName}, #{postcode},
  		 #{address}, #{detailAddress}, #{mobile})
  	</insert>
  	
  	<select id="loginProc">
  		SELECT * FROM member WHERE id=#{id}
  	</select>
 
  	<select id="memberInfo">
  		SELECT * FROM member
  	</select>

	<update id="updateProc">
		UPDATE member  
		SET pw=#{pw}, username=#{userName}, mobile=#{mobile},address=#{address} 
		WHERE id=#{id}
	</update>

	<delete id="deleteProc">
		DELETE FROM member WHERE id=#{id} 
	</delete>
	
  </mapper>
  
  
  
  
  
  
  
  
  
  
  
  
  
  
  