<?xml version="1.0" encoding="UTF-8" ?>
<!DOCTYPE mapper
  PUBLIC "-//mybatis.org//DTD Mapper 3.0//EN"
  "https://mybatis.org/dtd/mybatis-3-mapper.dtd">
<!-- window - preferences - maven - download artifact javadoc -->
<mapper namespace="com.example.jsonExam.JsonExamMapper">

	<select id="ex02">
		SELECT COUNT(pw) FROM member
		WHERE id=#{id}
	</select>
	
	<delete id="deleteAll">
		DELETE FROM json_table
	</delete>
	
	<insert id="insert">
		INSERT INTO json_table VALUES(#{title}, #{artist}, #{price})
	</insert>

	<select id="selectAll">
		SELECT * FROM json_table
	</select>
	
	<select id="quiz">
		SELECT * FROM json_table WHERE title LIKE CONCAT('%',#{title},'%')
	</select>
</mapper>
  
  
  
  
  
  
  
  
  
  
  
  
  
  
  